,,Type,Normalised Value,flag
LFPbO,0,Curie,997.0,False
SrLaMnO4,1,Néel,128.0,False
PrMnO3,2,Néel,84.28571428571429,False
Cd2Nb2O6S,3,Curie,275.0,False
PrOFeP,4,Curie,3.0,False
Our,5,Curie,32.5,False
Fe2CuO4,6,Néel,780.0,False
La3Co2SbO9,7,Curie,55.0,False
Sr2NiWO6,8,Néel,54.0,False
αFeOOH,9,Néel,423.0,False
UOsAl,10,Curie,42.0,False
SrTeO3,11,Curie,276.0,False
FePbP2O7,12,Néel,10.0,False
HoFeO3,13,Néel,425.8333333333333,False
LaSrMnO,14,Curie,363.85714285714283,False
La2CoMnO6,15,Curie,200.08333333333334,False
Mn2GeO4,16,Néel,10.0,False
O48Nd,17,Curie,3.0,False
Co4Nb2O9,18,Néel,27.0,False
NdMn2O5,19,Néel,75.0,False
Fe2OBO3,20,Curie,155.0,False
SeCuO3,21,Curie,25.0,False
BaPr2O4,22,Néel,111.5,False
EuFeO3,23,Néel,13.333333333333334,False
BiMnO3,24,Curie,134.03030303030303,False
LaOFeAs,25,Néel,99.5,False
FeBO3,26,Néel,348.0,False
Ba3Fe2TeO9,27,Néel,223.0,False
Ca2Fe2O5,28,Néel,725.0,False
SrBi2Ta2O9,29,Curie,527.25,False
CeO2,30,Curie,544.3529411764706,False
CdFe2O4,31,Curie,10.0,False
SmOFeAs,32,Curie,54.0,False
FeO,33,Néel,261.8205128205128,False
NiTiO3,34,Néel,18.5,False
PbTa2O6,35,Curie,283.0,False
La2TiO5,36,Curie,1027.0,False
BaCrFe11O19,37,Curie,752.0,False
PdCrO2,38,Néel,37.0,False
LaMnO3Perovskite,39,Curie,193.0,False
αFe2O3,40,Néel,948.0,False
RFeO3,41,Néel,287.6666666666667,False
Ba2CoWO6,42,Néel,19.0,False
NdCrGeO5,43,Néel,2.0,False
Ce5Pb3O,44,Curie,46.0,False
IrSr2TbCu2O8,45,Néel,28.5,False
YBa2Cu3O7,46,Curie,92.7,False
TeNiO3,47,Néel,130.0,False
NaCuO2,48,Curie,70.0,False
Pb5Ge3O11,49,Curie,277.0,False
K2BiNb5O15,50,Curie,633.0,False
In2O3TF,51,Curie,5.0,False
BaBi2Ta2O9,52,Curie,333.0,False
MnV2O4,53,Curie,57.0,False
RuSr2YCu2O8,54,Curie,74.66666666666667,False
LnCoPnO,55,Curie,80.0,False
LiCu2O2,56,Néel,29.333333333333332,False
FeCrO3,57,Néel,310.0,False
CaLaMnMoO6,58,Néel,96.0,False
Sr2FeRuO6,59,Curie,87.0,False
RuSr2HoCu2O8,60,Néel,10.0,False
LiFe5O8,61,Curie,896.25,False
BaBi4Ti4O15,62,Curie,688.0,False
CaNiGe2O6,63,Néel,12.333333333333334,False
Sr2RuO4,64,Curie,8.85,False
Ag6O8AgNO3,65,Curie,1.0,False
Ba3TiNb4O15,66,Curie,310.0,False
PbTiO,67,Curie,763.0,False
Or1,68,Curie,245.0,False
Pb2Bi4Ti5O18,69,Curie,522.1428571428571,False
O72Nd,70,Curie,2.0,False
CaCu3Cr2Sb2O12,71,Curie,160.0,False
SnMn2O4,72,Curie,46.0,False
BaRuO3,73,Néel,302.0,False
CoGeO3,74,Néel,35.75,False
DyPO4,75,Curie,3.0,False
Pb3TeCo3V2O14,76,Néel,21.0,False
DyFeO3,77,Néel,645.0,False
CrNbO4,78,Néel,8.0,False
SrBi8Ti7O27,79,Curie,1063.0,False
BiFeO3,80,Néel,828.5168161434977,False
Or4,81,Curie,283.0,False
YFeO3,82,Néel,547.2,False
Sr3Ru2O7,83,Curie,40.5,False
Otherworks,84,Curie,1131.3333333333333,False
Ni2O3,85,Néel,523.0,False
RbOs2O6,86,Curie,6.0,False
SrLaMnReO6,87,Curie,193.5,False
Nd2CuO4,88,Curie,82.25,False
MnAl2O4,89,Néel,42.0,False
Sr2DyReO6,90,Néel,49.0,False
Mn2ScSbO6,91,Curie,35.333333333333336,False
La2LiRuO6,92,Néel,30.0,False
LiNbO3,93,Curie,1371.0,False
Pb2FeMoO6,94,Néel,345.0,False
FePO4,95,Curie,100.0,False
C43H39CrKMn2N11O9,96,Néel,12.0,False
Ba2LaTi2Nb3O15,97,Curie,200.0,False
Sr2CoTeO6,98,Néel,15.0,False
NaNO2,99,Curie,436.6923076923077,False
LSrMO,100,Curie,350.0,False
CoCr2O4,101,Curie,94.55555555555556,False
SrMnO3,102,Curie,260.0,False
SrCr8Ga4O19,103,Curie,3.0,False
Ba2LnRuO6,104,Néel,39.0,False
NdOFeAs,105,Curie,53.0,False
LaSrCuO,106,Curie,70.0,False
LaNiPO,107,Curie,4.0,False
HoMn2O5,108,Curie,25.5,False
KTiOPO4,109,Curie,1208.0,False
LnMnO3,110,Néel,140.0,False
YbCrO4,111,Curie,25.0,False
Cs2Mn2V2O7F2,112,Néel,3.0,False
GdFeO3⋅Gd2O3,113,Néel,670.0,False
ZrOsSi,114,Curie,1.0,False
NiTa2O6,115,Néel,7.0,False
Sr3Sb2CuO9,116,Curie,30.0,False
NaVSi2O6,117,Néel,11.0,False
CsOs2O6,118,Curie,3.0,False
Pb2CrMoO6,119,Curie,309.3333333333333,False
Li4FeSbO6,120,Néel,3.0,False
BaTb2O4,121,Néel,27.0,False
LCeMO,122,Curie,255.0,False
BiSrCaCuO,123,Curie,76.0,False
BiFeO3plates,124,Néel,643.0,False
Ga2O3,125,Curie,483.0,False
In2O3,126,Curie,409.2,False
La2CoTiO6,127,Néel,20.0,False
Pb3O4,128,Curie,344.3333333333333,False
NaV2O5,129,Curie,34.0,False
AgCa2Mn2V3O12,130,Néel,23.0,False
CuO,131,Néel,247.05555555555554,False
AMnO3,132,Curie,267.2,False
BaAlFe11O19,133,Curie,758.0,False
LaVO3,134,Néel,142.5,False
PbK2LiNb5O15,135,Curie,639.0,False
Sr2CoWO6,136,Néel,24.0,False
Mn5O8,137,Néel,116.0,False
NdCrO3,138,Néel,222.33333333333334,False
BaCo2V2O8,139,Néel,6.0,False
Al2O3,140,Curie,658.1428571428571,False
BaFeO3,141,Curie,250.0,False
Ba2REMoO6,142,Curie,30.0,False
CoAs2O4,143,Néel,47.0,False
Bi2Sr2CuO6,144,Curie,23.0,False
CoWO4,145,Néel,42.0,False
La2CoRuO6,146,Néel,39.2,False
CaCu3Mn4O12,147,Curie,179.5,False
NiMn2O4,148,Curie,99.0,False
xCoFe2O4,149,Curie,790.0,False
GdFeO3,150,Néel,376.57142857142856,False
Ce2FeO2Se2,151,Néel,171.0,False
Gd3Fe5O12,152,Curie,564.0,False
Sr2NaNb5O15,153,Curie,543.6666666666666,False
BaFe12O19,154,Curie,738.0,False
BiNiO3,155,Néel,300.0,False
LiBa2Nb5O15,156,Curie,473.0,False
Cu2O,157,Curie,300.0,False
Co2FeO4,158,Curie,456.5,False
NaPbPO4,159,Curie,1063.0,False
LiVSi2O6,160,Néel,22.0,False
CaBi2Nb2O9,161,Curie,1168.6666666666667,False
Ba2SmReO6,162,Néel,82.0,False
La7Os4C9,163,Curie,7.0,False
Ba2InOsO6,164,Néel,28.0,False
C44H35Br2FeMnN11O4,165,Curie,3.0,False
Eu4O3N,166,Curie,69.0,False
Ba2CoMoO6,167,Néel,27.0,False
SrCoO3,168,Curie,334.3333333333333,False
La2O3,169,Curie,613.0,False
DyMnO3,170,Néel,120.66666666666667,False
Bi5PbTi3O14Cl,171,Curie,863.5,False
NiNb2O6,172,Néel,5.0,False
Sr2CrIrO6,173,Curie,725.0,False
Oligocene,174,Curie,858.0,False
LaONiAs,175,Curie,2.5,False
BaIrO3,176,Curie,180.0,False
La2TiCoO6,177,Néel,16.0,False
Sr2CuO2Cl2,178,Curie,30.0,False
ZnMn2O4,179,Néel,76.66666666666667,False
C9H22NClO4,180,Curie,440.0,False
La2ZnTiO6,181,Curie,350.0,False
LaSrMnCoO6,182,Curie,225.0,False
Sr3Fe2O7,183,Néel,110.0,False
GdTiO3,184,Curie,30.0,False
EuMn2O5,185,Néel,40.0,False
Li2MnO3,186,Néel,38.0,False
SrLaMnRuO6,187,Curie,225.0,False
AgCa2Ni2V3O12,188,Néel,7.0,False
Yb2Ti2O7,189,Curie,863.0,False
Bi3Fe5O12,190,Curie,643.0,False
SmFeO3,191,Néel,542.0,False
Sr2LuReO6,192,Néel,12.0,False
Ba2YRuO6,193,Néel,37.0,False
PbBi2Nb2O9,194,Curie,830.0,False
CoFe2O4,195,Curie,698.304347826087,False
Oxyfluorides,196,Curie,775.0,False
GaFeO,197,Néel,210.0,False
LaONiP,198,Curie,3.0,False
Sr2InOsO6,199,Néel,26.0,False
NaFeSi2O6,200,Néel,7.0,False
LiBa2Ta5O15,201,Curie,473.0,False
RE2NiMnO6,202,Curie,195.0,False
RFe2O4,203,Néel,230.0,False
LaFe12O19,204,Néel,735.0,False
SrLaFeO4,205,Néel,330.0,False
KOs2O6,206,Curie,9.0,False
Mn2TiO4,207,Curie,78.0,False
Mn2MnReO6,208,Curie,520.0,False
Sr2Ta2O7,209,Curie,166.0,False
Ba2Co2Fe12O22,210,Curie,616.5,False
Sr2CuO3,211,Néel,5.0,False
Ni4Nb2O9,212,Curie,76.0,False
Ho1Ba2Cu3Ox,213,Curie,94.0,False
Cr2O3,214,Néel,300.56666666666666,False
Nd2MgIrO6,215,Néel,12.0,False
CuMn2O4,216,Curie,38.666666666666664,False
SrFeO2,217,Néel,473.0,False
LiTi2O4,218,Curie,12.0,False
CaMnO3,219,Néel,122.66666666666667,False
BiFeTaO3,220,Curie,799.6666666666666,False
MnFe2O4,221,Curie,579.1818181818181,False
Sm2O3,222,Curie,593.0,False
Or3,223,Curie,223.0,False
ZnO,224,Curie,326.4782608695652,False
Nd2O3,225,Curie,313.75,False
LiCrSi2O6,226,Néel,11.0,False
YCrO3,227,Néel,174.93333333333334,False
CaFeO3,228,Néel,134.0,False
BiYO3,229,Curie,923.0,False
Ba2NaNb5O15,230,Curie,853.0,False
LixMn2O4,231,Néel,41.4,False
Cd2Re2O7,232,Curie,3.25,False
TiO,233,Curie,300.0,False
Ca2CoTeO6,234,Néel,10.0,False
LaCoO3,235,Curie,162.4,False
YBaCuFeO5,236,Néel,440.0,False
Bi4O4S3,237,Curie,10.0,False
CuAlO2,238,Néel,24.0,False
TlNiO3,239,Néel,121.66666666666667,False
SmMnO3,240,Néel,65.0,False
BaMn2V2O8,241,Néel,37.0,False
HoMnO3,242,Curie,556.8461538461538,False
SmCrO3,243,Néel,192.66666666666666,False
BiFeO,244,Néel,860.0,False
MnTe6O13,245,Néel,13.0,False
PrMn2O5,246,Néel,100.0,False
Ca3Ru2O7,247,Curie,137.5,False
ScCrO3,248,Néel,70.5,False
GdMn2O5,249,Néel,42.666666666666664,False
Eu2MgIrO6,250,Néel,10.0,False
LuCu3Mn4O12,251,Curie,376.5,False
SrRu2O6,252,Néel,565.0,False
SmAlO3,253,Curie,600.0,False
Li5Mn12Fe4O28,254,Curie,276.0,False
NaTaO3,255,Curie,748.0,False
CaFeSi2O6,256,Néel,24.666666666666668,False
Li7Mn14O28,257,Curie,276.0,False
Bi2NiMnO6,258,Curie,140.0,False
CuB2O4,259,Néel,21.0,False
SnO,260,Curie,850.0,False
ScMn2O4,261,Curie,58.0,False
PbMnBO4,262,Curie,31.0,False
La2CuO4,263,Néel,143.64285714285714,False
EuMnO3,264,Néel,41.6,False
Sr2FeO4,265,Néel,60.0,False
Bi2FeMnO6,266,Curie,105.0,False
Bi8Ti3Fe4O24,267,Néel,220.0,False
Bi2Fe4O9,268,Néel,256.2857142857143,False
NdMnO3,269,Néel,75.72727272727273,False
MnTiO3,270,Néel,64.0,False
Sr2MnReO6,271,Curie,120.0,False
NaVGe2O6,272,Néel,16.0,False
Fe2B2O5,273,Néel,70.0,False
LixFePO4,274,Néel,67.33333333333333,False
Pr2MgIrO6,275,Néel,14.0,False
ThCu3Mn4O12,276,Curie,2.0,False
La5Re3MnO16,277,Curie,161.0,False
Ca2TiMnO6,278,Curie,69.0,False
LaMnO3,279,Néel,167.60714285714286,False
HoPO4,280,Curie,1.0,False
Sr2IrO4,281,Curie,205.16666666666666,False
BaCO3,282,Curie,98.0,False
BaBiFe11O19,283,Curie,751.0,False
TlCrO3,284,Néel,85.0,False
Sr2MnWO6,285,Néel,17.428571428571427,False
MFe2O4,286,Néel,10.0,False
LaNiAsO,287,Curie,2.0,False
Nd3NbO7,288,Néel,1.0,False
LnOsPnO,289,Néel,9.5,False
MoO6,290,Néel,130.0,False
NdBaCo2O6,291,Curie,200.0,False
LiFeO2,292,Néel,20.0,False
Na2FeP2O7,293,Néel,3.0,False
SmCrO,294,Néel,15.0,False
Sr2CrSbO6,295,Néel,12.0,False
LiTaO3,296,Curie,849.125,False
NaPb2Mn2V3O12,297,Néel,16.25,False
Sr2Fe2O5,298,Néel,698.25,False
Sr2FeCoO6,299,Néel,134.0,False
NiCrFeO4,300,Curie,557.0,False
Sr2FeSbO6,301,Néel,37.0,False
Ca3CoMnO6,302,Néel,13.0,False
CuFe2O4,303,Curie,750.4444444444445,False
RECrO3,304,Néel,218.0,False
CaMnGe2O6,305,Néel,8.0,False
SbTaO4,306,Curie,673.0,False
GdPO4,307,Néel,225.0,False
BaYb2O4,308,Néel,98.25,False
RuSr2GdCu2O8,309,Curie,79.62068965517241,False
Eu2O3,310,Néel,276.42857142857144,False
BiO3,311,Curie,30.0,False
MnO3,312,Curie,218.9,False
La4Cu3MoO12,313,Néel,0.3333333333333333,False
BiScO3,314,Curie,733.0,False
LaTiO3,315,Néel,135.0,False
PbZrO3,316,Curie,525.3,False
Fe3O4,317,Curie,807.9625,False
Dy2NiMnO6,318,Curie,93.0,False
CdCrO2,319,Curie,110.0,False
LiFePO4,320,Néel,74.02173913043478,False
LBiO,321,Curie,539.5,False
SrMoO4precipitates,322,Curie,420.0,False
CrO2,323,Curie,377.9130434782609,False
Sr2FeWO6,324,Néel,37.166666666666664,False
EuTiO3,325,Néel,5.0,False
BaZrO3,326,Curie,593.0,False
ZnCo2O4,327,Curie,70.0,False
YCrO4,328,Curie,9.0,False
Pr2NiMnO6,329,Curie,212.5,False
MnCO3,330,Néel,32.5,False
La5Mo4O16,331,Curie,100.0,False
Li2FeSiO2,332,Néel,25.0,False
Na2Ti6O13,333,Curie,465.0,False
Ba2ScCoO5,334,Curie,50.0,False
kOe,335,Curie,324.0,False
NdAlO3,336,Néel,4.0,False
BaTm2O4,337,Néel,9.5,False
BaGd2O4,338,Néel,6.5,False
RMnO3,339,Néel,226.66666666666666,False
NiCr2O4,340,Curie,143.3846153846154,False
GdVO4,341,Néel,1.5,False
ZnMgO,342,Curie,80.0,False
LiSbO3,343,Curie,675.5,False
PrTiO3,344,Néel,65.0,False
Ca2MnO4,345,Néel,155.0,False
BaBiNb2O9,346,Curie,443.0,False
NaTiSi2O6,347,Néel,230.0,False
Ba2CeIrO6,348,Néel,17.0,False
Pb2Sr2DyCu3O8,349,Néel,1.0,False
Nd2LiOsO6,350,Néel,23.0,False
AA′Mn2O6,351,Curie,445.0,False
YBa2Cu3Oy,352,Curie,80.0,False
Mn2BO4,353,Néel,95.0,False
Ag3Co2SbO6,354,Néel,21.0,False
Ca2FeReO6,355,Curie,537.75,False
AFeO3,356,Néel,740.0,False
La2MnNiO6,357,Curie,254.0,False
Sr4Fe4O11,358,Néel,231.0,False
SrPdO3,359,Néel,370.0,False
CaCuP2O7,360,Néel,1.0,False
CoO2,361,Néel,200.0,False
CoSb2O6,362,Néel,12.0,False
Bi4Pb2Ti3FeNbO18,363,Curie,383.0,False
LiCoPO4,364,Néel,38.8,False
Ho2BaNiO5,365,Néel,49.0,False
SrBi3Nb2FeO12,366,Néel,883.0,False
Bi2Sr2CaCu2O8,367,Curie,64.5,False
Ba6MgMn4O15,368,Néel,7.0,False
Ba3MnSb2O9,369,Néel,10.0,False
Optimising,370,Curie,398.0,False
NdVO3,371,Curie,138.0,False
LuFeO3,372,Néel,625.0,False
Fe2MoO4,373,Curie,348.0,False
ZnTiO3,374,Curie,278.0,False
Sm2LiOsO6,375,Néel,32.0,False
YNiO3,376,Néel,145.0,False
LaBaCo2O6,377,Curie,175.0,False
BaMnFe11O19,378,Curie,697.0,False
TbCrO3,379,Néel,158.0,False
YBa2Cu3OY,380,Curie,88.0,False
LiTiSi2O6,381,Néel,210.0,False
LaPrCaBCO,382,Curie,78.0,False
Ho2NiMnO6,383,Curie,85.0,False
RMn2O5,384,Néel,39.0,False
TlFeO3,385,Néel,560.0,False
Bi3TiTaO9,386,Curie,1073.0,False
Sr3NiFeMoO3,387,Néel,49.0,False
LaCuOSe,388,Curie,26.0,False
TiO2,389,Curie,412.375,False
Sr2CrO4,390,Néel,3.0,False
NdCrO,391,Néel,219.0,False
DyMn2O5,392,Néel,40.285714285714285,False
ZFLaO53,393,Néel,42.0,False
KBiFe2O5,394,Néel,543.0,False
Tb2NiMnO6,395,Curie,110.0,False
BaTiO3,396,Curie,438.3626373626374,False
Ni2V2O7,397,Curie,11.0,False
NaO2,398,Néel,22.333333333333332,False
BiMnFe2O6,399,Néel,212.0,False
YBa2Cu3O6,400,Néel,338.2,False
FexO,401,Néel,213.33333333333334,False
Oxynitride,402,Curie,12.0,False
Sr2Co2O5,403,Néel,570.0,False
FeNbO4,404,Néel,149.0,False
Sm2NiMnO6,405,Curie,138.33333333333334,False
Sr2ScOsO6,406,Néel,92.0,False
LiCuVO4,407,Néel,2.3333333333333335,False
Na2SO4,408,Néel,141.75,False
CaBi4Ti4O15,409,Curie,1034.7857142857142,False
KMnO4,410,Curie,73.0,False
TeNiO,411,Néel,130.0,False
CuSe2O5,412,Néel,12.0,False
LaFeO3,413,Néel,685.4146341463414,False
LiBiO2,414,Curie,526.25,False
MnCo2O4,415,Curie,186.16666666666666,False
CoTa2O6,416,Néel,4.333333333333333,False
CuRh2O4,417,Néel,21.0,False
Li2O,418,Curie,525.0,False
NiCo2O4,419,Curie,673.0,False
Sr3Fe2TeO9,420,Néel,360.0,False
La2BaCuO5,421,Curie,5.0,False
BaMnO3,422,Néel,53.0,False
NiSb2O6,423,Néel,7.333333333333333,False
NdCrTiO5,424,Néel,18.0,False
LiNO,425,Néel,25.0,False
PrOFeAs,426,Néel,104.22222222222223,False
Cr2V4O13,427,Néel,10.0,False
Sr2CrReO6,428,Curie,625.8888888888889,False
Rh2O3,429,Néel,311.0,False
CuO2,430,Curie,97.0,False
PrCrO3,431,Néel,232.0,False
LaOFeP,432,Néel,115.4,False
GaFeO3,433,Curie,233.41666666666666,False
NaBa2Nb5O15,434,Curie,313.0,False
NbxO3,435,Curie,633.0,False
Sr2YRuO6,436,Néel,26.0,False
Ba3MnNb2O9,437,Néel,3.0,False
Sr3CrFeMoO9,438,Curie,385.0,False
La2Ti2O7,439,Curie,1599.6666666666667,False
Li2CuO2,440,Néel,8.666666666666666,False
Rb2RuO4,441,Néel,9.0,False
RuSr2RCu2O8,442,Curie,50.0,False
Ba2KNb5O15,443,Curie,665.0,False
TiO6,444,Curie,768.0,False
LaOBiSe2,445,Curie,5.5,False
Sr2KNb5O15,446,Curie,429.0,False
Tl2Ba2CaCu2Ox,447,Curie,90.0,False
NaCu2O2,448,Néel,12.0,False
LiMnO2,449,Néel,261.0,False
Bi2O3,450,Curie,311.85714285714283,False
LiFeP2O7,451,Néel,27.0,False
La2MnIrO6,452,Curie,130.0,False
Li6Mn13Fe2O28,453,Curie,276.0,False
La3Ni4P4O2,454,Curie,3.0,False
MnCr2O4,455,Curie,40.8,False
CaMn2O4,456,Néel,220.0,False
Sr2HoRuO6,457,Néel,36.0,False
Ca2InOsO6,458,Néel,14.0,False
DyBa2Cu3O7,459,Néel,0.0,False
Rb2Cr8O16,460,Curie,295.0,False
CoRe2O6,461,Curie,42.5,False
LaEuSiO3N,462,Curie,3.0,False
CuGeO3,463,Néel,23.25,False
LiNiPO4,464,Néel,24.4,False
Y2Mn2O7,465,Curie,15.0,False
FeWO4,466,Néel,69.0,False
Ca2ScOsO6,467,Néel,69.0,False
Li2FeSiO4,468,Néel,25.0,False
EtOH,469,Néel,3.0,False
Sr2V3O9,470,Néel,5.0,False
"Fe,O",471,Néel,91.5,False
La2NiMnO6,472,Curie,272.05263157894734,False
LixSr2CuO2Br2,473,Curie,8.0,False
YBa2Cu4O8,474,Curie,80.5,False
FeOF,475,Néel,315.0,False
CeVO4,476,Néel,128.0,False
ZnCr2O4,477,Néel,52.8,False
NiRe2O6,478,Curie,24.0,False
LaONiAS,479,Curie,2.5,False
CuCrO2,480,Néel,43.333333333333336,False
Pb2FeReO6,481,Curie,420.0,False
MgO,482,Curie,538.9090909090909,False
TbBaMn2O6,483,Néel,12.0,False
Mn2V2O7,484,Néel,20.0,False
MgFe2O4,485,Curie,594.125,False
YBaCo4O7,486,Curie,82.0,False
CuSeO3,487,Curie,26.0,False
Ca3FeRhO6,488,Néel,11.0,False
ReO6,489,Curie,134.0,False
Sm(O,490,Curie,55.0,False
Ca2NiWO6,491,Néel,66.66666666666667,False
Eu3O4,492,Curie,6.2,False
LuCrO3,493,Néel,105.66666666666667,False
Ba2NdMoO6,494,Néel,15.0,False
Bi2CuO4,495,Néel,45.0,False
BaLaCuSbO,496,Néel,64.0,False
CoFeCrO4,497,Néel,313.4,False
Sr2ScMoO6,498,Néel,121.0,False
SiO2,499,Curie,283.875,False
Dy3Ga5O12,500,Néel,0.0,False
SrFeO3,501,Néel,131.6,False
CaBi2Ta2O9,502,Curie,773.0,False
Co3O4,503,Néel,44.264150943396224,False
CuSb2O6,504,Néel,8.0,False
FeNiO,505,Néel,523.0,False
BaNd2O4,506,Néel,30.0,False
Ba2ZnSi2O7,507,Néel,516.5,False
NaSr2Nb5O15,508,Curie,546.0,False
Sr2GdRuO6,509,Néel,38.0,False
RNiO3,510,Néel,150.0,False
BaAl2O4,511,Curie,396.0,False
Tb2O3,512,Néel,4.25,False
Sm2MgIrO6,513,Néel,15.0,False
Sr2CoRuO6,514,Curie,163.33333333333334,False
Sr2MnGe2O7,515,Néel,4.0,False
BiYbO3,516,Curie,801.3333333333334,False
Sr2AlTaO6,517,Curie,90.0,False
MnO2,518,Curie,426.6511627906977,False
yH2O,519,Curie,4.0,False
Sr2Nb2O7,520,Curie,1339.4,False
Y2NiMnO6,521,Curie,81.33333333333333,False
LaSrCoO3,522,Néel,696.5,False
NaV6O11,523,Curie,64.0,False
Ag2Nb4O11,524,Curie,400.0,False
Cu3TeO6,525,Néel,60.0,False
LaFeAsO,526,Curie,31.5,False
LiMn2O4,527,Néel,130.66666666666666,False
Y3Fe5O12,528,Curie,547.75,False
O24Nd,529,Curie,1.0,False
Fe4As2O11,530,Néel,156.75,False
Mn4Nb2O9,531,Néel,113.66666666666667,False
Cu5Bi2B4O14,532,Néel,28.5,False
Li4Mn11Fe6O28,533,Curie,276.0,False
La2BaFe2O7,534,Néel,500.0,False
WMgO,535,Curie,35.0,False
BaHo2O4,536,Néel,5.0,False
LnRhO3,537,Néel,2.0,False
Pb1K2Li1Nb5O15,538,Curie,623.0,False
Sr2YOsO6,539,Néel,53.0,False
HfO2,540,Curie,603.0,False
GdNiBiO,541,Curie,4.0,False
Ca2LuRuO6,542,Néel,14.0,False
LnFeAsO,543,Curie,55.0,False
Tb3NbO7,544,Néel,2.5,False
Os,545,Curie,86.75,False
BaDy2O4,546,Néel,7.5,False
ErVO4,547,Néel,1.0,False
NiO,548,Néel,508.55,False
Mg6MnO8,549,Néel,5.0,False
SrTiO3,550,Curie,487.04347826086956,False
BiMO3,551,Curie,105.0,False
AgNbO3,552,Curie,340.0,False
Y2BaCuO5,553,Néel,13.0,False
TbFeO3,554,Néel,520.0,False
La2MnRuO6,555,Curie,234.0,False
Dy2O3,556,Curie,385.5,False
TlMnO3,557,Néel,92.0,False
Sr2CrMoO6,558,Curie,476.42857142857144,False
Sr2NaNb5O15*,559,Curie,553.0,False
Cd2Mn3O8,560,Néel,10.0,False
Ce2O2FeSe2,561,Néel,171.0,False
PbO,562,Curie,600.25,False
BaCe2O4,563,Néel,157.0,False
YTiO3,564,Curie,29.714285714285715,False
Fe2SiO4,565,Néel,64.5,False
LnNiPnO,566,Néel,9.0,False
NaFeP2O7,567,Néel,29.0,False
Sr2YReO6,568,Néel,6.0,False
PrOs4Sb12,569,Curie,1.0,False
MgV2O4,570,Néel,13.0,False
A3M2M′2Pn2O5,571,Curie,36.5,False
NaOH,572,Néel,494.5,False
Nd2BaPdO5,573,Néel,2.0,False
HgBa2Ca4Cu5Oy,574,Curie,95.0,False
Sr2ZrMnO6,575,Néel,53.0,False
LiCoO2,576,Néel,30.0,False
Pb2FeV3O11,577,Néel,2.0,False
Ba2DyRuO6,578,Néel,47.0,False
PEcO14,579,Curie,366.0,False
CsBiNb2O7,580,Curie,1306.0,False
Dy2Ti2O7,581,Curie,1.0,False
CaCu2Mn5O12,582,Curie,3.0,False
ZnMnO3,583,Curie,300.0,False
CoTeMoO6,584,Néel,24.0,False
FeMoO,585,Néel,12.0,False
DyFeMnO5,586,Curie,178.0,False
R2Ru2O7,587,Curie,80.0,False
HoCrO,588,Néel,142.0,False
ZnCrFeO4,589,Néel,16.0,False
\\text{MnO,590,Curie,431.0,False
NiFe2O4,591,Curie,766.1463414634146,False
Gd2O3,592,Curie,292.0,False
Bi3NbTiO9,593,Curie,1203.0,False
PbFe12O19,594,Néel,725.0,False
Bi4Ti3O12,595,Curie,890.6666666666666,False
SmVO3,596,Curie,130.0,False
Sr2Bi4Ti5O18,597,Curie,489.42857142857144,False
Sb2O3,598,Curie,299.0,False
Er2O3,599,Néel,3.0,False
Sc6ReO12,600,Curie,9.5,False
La2FeMnO6,601,Curie,309.1666666666667,False
CoRh2O4,602,Néel,25.0,False
CuFeO2,603,Néel,20.333333333333332,False
FePbBiO4,604,Néel,35.0,False
Co2SiO4,605,Néel,49.0,False
Fe3O4Nanocrystallines,606,Curie,853.0,False
Bi2CuMnO6,607,Curie,340.0,False
Ni3TeO6,608,Néel,52.0,False
CoAl2O4,609,Néel,5.0,False
NaFeO2,610,Néel,723.0,False
CoO,611,Néel,310.8888888888889,False
LaMn2O5,612,Néel,200.0,False
TmAsO4,613,Curie,6.0,False
Ho2GeO5,614,Curie,8.0,False
TbMn2O5,615,Curie,34.666666666666664,False
CaBaFe4O7,616,Curie,165.0,False
NdSrMnO,617,Curie,213.66666666666666,False
BaSm2O4,618,Néel,264.5,False
Bi2WO6,619,Curie,1129.6666666666667,False
Ba2CaOsO6,620,Néel,51.0,False
SrBiMnTiO6,621,Curie,25.0,False
REOs,622,Néel,640.0,False
Sr2LnRuO6,623,Néel,34.0,False
LuMnO3,624,Néel,85.0,False
NaSr2Nb5O15lead,625,Curie,543.0,False
MnNiO,626,Curie,140.0,False
La2LiOsO6,627,Néel,39.0,False
SrBi2Nb2O9,628,Curie,737.1666666666666,False
Sr2CoO4,629,Curie,247.5,False
CaCuMn6O12,630,Curie,2.0,False
Ca3Fe2Si3O12,631,Néel,11.0,False
CeOs3B2,632,Curie,3.0,False
Fe2O3,633,Néel,932.0,False
Sr3Fe2O,634,Néel,120.0,False
TmVO4,635,Curie,2.0,False
LaxMnO3,636,Curie,260.0,False
LiMn3Fe2O8,637,Curie,275.0,False
Co2O3,638,Curie,1157.75,False
AgCa2Co2V3O12,639,Néel,6.25,False
LaAlO,640,Curie,200.0,False
Bi5Ti3FeO9,641,Curie,1073.0,False
GdSr2RuCu2O8,642,Curie,24.0,False
Sr4Sc2O6Fe2P2,643,Curie,17.0,False
Na2RuO4,644,Néel,35.0,False
Li3Ni2SbO6,645,Néel,15.0,False
GdCrO3,646,Néel,169.0,False
Nd2BaNiO5,647,Néel,48.0,False
Sr2CrWO6,648,Curie,401.8888888888889,False
SrBiNb2O9,649,Curie,723.0,False
Ba2SmMoO6,650,Néel,101.2,False
SrO,651,Curie,160.0,False
Bi3TiNbO9,652,Curie,1181.0,False
BaTi2O5,653,Curie,718.2727272727273,False
Na3Co2SbO6,654,Néel,8.0,False
SrFe12O19,655,Curie,734.7333333333333,False
RuO4,656,Curie,500.0,False
HoBa2Cu3O7,657,Néel,0.0,False
MnO,658,Néel,188.79661016949152,False
BaBi2Nb2O9,659,Curie,443.0,False
CeCu3Mn4O12,660,Curie,2.0,False
SrRuO3,661,Curie,156.20408163265307,False
YBaMn2O6,662,Curie,246.0,False
Or2,663,Curie,233.0,False
Pr2Ti2O7,664,Curie,1828.0,False
LiVO2,665,Curie,470.0,False
FeTiO3,666,Néel,245.06666666666666,False
Nb2Co4O9,667,Néel,27.0,False
Ba2SmRuO6,668,Néel,54.0,False
PbNb2O6,669,Curie,794.25,False
Na2V3O7,670,Curie,160.0,False
Li2CO3,671,Curie,591.5,False
Sr2RuHoO6,672,Néel,10.0,False
Ba3TaFe3Si2O14,673,Néel,27.0,False
Sr7Mn4O15,674,Néel,70.0,False
Ba2CoReO6,675,Néel,47.25,False
Pr2LiOsO6,676,Néel,35.0,False
CoFeRhO4,677,Néel,790.0,False
ZnFe2O4,678,Néel,70.29032258064517,False
Hg2Ba2Ca2Cu3Ox,679,Curie,133.0,False
Co3B7O13I,680,Curie,274.0,False
Sr2CoMoO6,681,Néel,132.66666666666666,False
Mn2O3,682,Néel,60.0,False
Mn2Mo3O8,683,Curie,128.1,False
Ba2ScOsO6,684,Néel,93.0,False
Sr2YbReO6,685,Néel,20.0,False
Sr2FeReO6,686,Curie,410.6666666666667,False
Orgueil,687,Curie,923.0,False
FeCO3,688,Curie,595.9090909090909,False
Ca3Co2O6,689,Curie,23.75,False
CaCu3Ti4O12,690,Curie,582.6666666666666,False
Sr2FeTeO6,691,Néel,100.0,False
YSrCrO4,692,Néel,170.0,False
NaFeGe2O6,693,Néel,7.0,False
Mn3O4,694,Curie,45.416666666666664,False
YMn2O5,695,Néel,39.666666666666664,False
TbOFeAs,696,Curie,54.0,False
BaSrTiO3,697,Curie,400.0,False
Er2Si2O7,698,Néel,1.5,False
LiNiO2,699,Néel,20.0,False
Ba2REReO6,700,Néel,100.0,False
AlFeO3,701,Néel,250.0,False
NaCrSi2O6,702,Néel,3.0,False
SrTiO,703,Curie,860.0,False
Na4CoTeO6,704,Néel,3.0,False
Cu4O3,705,Néel,42.0,False
NaLaMnWO6,706,Néel,10.0,False
FeOOH,707,Curie,409.3,False
NaxCoO2,708,Curie,41.5,False
Ca2Cr2O5,709,Néel,200.0,False
Ag2O,710,Curie,581.6666666666666,False
La2NiO4,711,Néel,328.0,False
SmCO,712,Curie,1131.3333333333333,False
Sr11Re4O24,713,Curie,12.0,False
Sr2CoReO6,714,Néel,65.0,False
LaPbMnSbO6,715,Néel,10.0,False
BiCoO3,716,Néel,436.375,False
EuSr2RuCu2O8,717,Curie,70.0,False
Mn3TeO6,718,Néel,23.0,False
Ba3Fe2WO9,719,Néel,223.0,False
NiAs2O4,720,Néel,65.33333333333333,False
LaSrCoO4,721,Néel,380.0,False
LiVCuO4,722,Curie,265.0,False
La3Co2TaO9,723,Curie,72.0,False
Bi5Ti3CrO15,724,Curie,968.0,False
Bi5Ti3FeO15,725,Néel,553.3157894736842,False
BiCoPO5,726,Néel,16.0,False
CaZrO3,727,Curie,473.0,False
MnNb2O6,728,Néel,4.0,False
CaRuO3,729,Curie,103.6,False
Ba2FeWO6,730,Néel,23.0,False
Ba2CaReO6,731,Néel,15.0,False
TbMnO3,732,Néel,80.0,False
LaAlO3,733,Curie,464.1666666666667,False
Ca2CrSbO6,734,Curie,15.2,False
NiCrO3,735,Néel,309.0,False
Bi6Ti3Fe2O18,736,Néel,160.0,False
K2LaNb5O15,737,Curie,180.0,False
KBa2Nb5O15,738,Curie,665.0,False
SnO2,739,Curie,515.0,False
K2Cr8O16,740,Curie,180.0,False
ZnMnO,741,Curie,171.5,False
MnGeO3,742,Néel,36.0,False
TmMnO3,743,Néel,83.0,False
TlBa2Ca2Cu3Oy,744,Curie,129.6,False
Er2BaNiO5,745,Néel,34.0,False
NaNbO3,746,Curie,605.0,False
LaSrMn2O5,747,Curie,365.0,False
Ag6O8AgBF4,748,Curie,0.0,False
MnGa2O4,749,Néel,14.0,False
C8H13Co2N4O7,750,Néel,6.0,False
SrZrO3,751,Curie,517.0,False
PbFeBO4,752,Néel,246.0,False
TeCuO3,753,Néel,9.0,False
BiCrO3,754,Néel,376.0,False
Sr3Fe2WO9,755,Curie,373.0,False
Ca3Mn2Ge3O12,756,Néel,13.0,False
Cr2O5,757,Néel,308.0,False
PbTiNb2O8,758,Curie,631.0,False
CeOFeAs,759,Néel,108.1,False
Tb2MnNiO6,760,Curie,111.0,False
Tl2Mn2O7,761,Curie,142.0,False
K3Li2Ta5O15,762,Curie,7.0,False
SrBi4Ti4O15,763,Curie,801.0769230769231,False
K2NdNb5O15,764,Curie,442.0,False
LuFe2O4,765,Néel,244.8,False
Er3Ga5O12,766,Néel,0.0,False
Sr3NaRuO6,767,Néel,70.0,False
Ca2CrMoO6,768,Curie,125.0,False
EuO,769,Curie,71.94444444444444,False
HoCrO3,770,Néel,131.25,False
Bi4LaSmFe2Ti3O18,771,Néel,10.0,False
Pb2Ba2BiFe4ScO13,772,Néel,350.0,False
BiVO4,773,Curie,1100.0,False
SrTcO3,774,Néel,780.75,False
Sr3FeMoO7,775,Curie,683.0,False
DyCrO3,776,Néel,137.0,False
YbFeO3,777,Curie,347.5,False
LaCrO3,778,Néel,265.3333333333333,False
FeOCl,779,Néel,86.66666666666667,False
CuFeO,780,Néel,221.25,False
A4O4Se3,781,Néel,8.0,False
Tl2Ba2CaCu2Oy,782,Curie,100.0,False
Ca2Mn3O8,783,Néel,60.0,False
Ba2CrMoO6,784,Curie,337.5,False
KNbO3,785,Curie,620.8333333333334,False
NdVO4,786,Curie,113.0,False
Ba2Bi4Ti5O18,787,Curie,597.5,False
CrMoO4,788,Néel,100.0,False
NaOsO3,789,Néel,410.0,False
Sr2TbReO6,790,Néel,2.0,False
La5Re3FeO16,791,Curie,155.0,False
CoCrFeO4,792,Curie,661.0,False
CoCO3,793,Néel,18.0,False
BaEr2O4,794,Néel,6.0,False
Pb2MReO6,795,Néel,37.0,False
BiMn2O5,796,Néel,44.888888888888886,False
ZrTiO3,797,Curie,503.0,False
MgMnFeO4,798,Curie,411.0,False
Mn7Fe14O28,799,Curie,275.0,False
YbFeMnO4,800,Néel,62.0,False
CoFeMnO4,801,Curie,473.0,False
CaCoGe2O6,802,Néel,14.25,False
Y3Fe3Al2O12,803,Curie,225.0,False
YBaCuO,804,Curie,95.0,False
LnIrPnO,805,Néel,7.0,False
BiMnO,806,Curie,100.0,False
BiAlO3,807,Curie,793.0,False
KTaO3,808,Curie,8.6,False
Ba2FeReO6,809,Curie,303.0,False
Ca2FeMoO6,810,Néel,211.16666666666666,False
Ca2CrOsO6,811,Curie,575.0,False
LiMnPO4,812,Néel,43.78947368421053,False
Ba2NdFeNb4O15,813,Curie,323.0,False
TbCu3Mn4O12,814,Curie,3.0,False
CaCO3,815,Néel,120.0,False
PbZrNb2O8,816,Curie,562.5,False
YBa2Cu3Ox,817,Curie,85.66666666666667,False
Na2Nb4O11,818,Curie,400.0,False
Sr2Mn2O5,819,Néel,317.5,False
DyVO4,820,Curie,3.0,False
Tb4O4Se3,821,Néel,7.0,False
ySmxLayFeO3,822,Curie,1098.0,False
CaTiO3,823,Curie,628.6666666666666,False
Na4NiTeO6,824,Néel,6.0,False
LaSrCoRuO6,825,Néel,86.0,False
RuSr2EuCu2O8,826,Curie,97.84615384615384,False
SiO,827,Curie,39.0,False
CaCu2O3,828,Néel,26.333333333333332,False
K2RuO4,829,Néel,9.0,False
YMnO3,830,Néel,299.64179104477614,False
Pb2NiReO6,831,Curie,68.5,False
PbBi4Ti4O15,832,Curie,878.0,False
scH2O,833,Curie,647.0,False
LaSr2Mn2O7,834,Curie,270.6666666666667,False
AgSbO3,835,Curie,603.0,False
ZnV2O4,836,Néel,40.0,False
ErMnO3,837,Néel,76.83333333333333,False
PbTiO3,838,Curie,730.2242990654206,False
NdFeO3,839,Néel,741.75,False
BaSnO3,840,Curie,304.0,False
Ba2MnReO6,841,Curie,120.0,False
Y2Ru2O7,842,Néel,77.0,False
dNiO,843,Néel,523.0,False
DyCoO3,844,Néel,3.0,False
GdBaCo2O5,845,Curie,285.0,False
ZrO2,846,Curie,633.0,False
Gd2NiMnO6,847,Curie,128.0,False
Sr3FeNb2O9,848,Curie,593.0,False
PrO2,849,Néel,14.0,False
SrMn2V2O8,850,Néel,43.0,False
LaNiO3,851,Curie,593.0,False
MeOH,852,Curie,22.0,False
CuO2,853,Curie,114.75,False
PbVO3,854,Néel,226.57142857142858,False
YbMnO3,855,Néel,149.33333333333334,False
MnWO4,856,Néel,12.8,False
Fe2Al2Si3O12,857,Néel,7.0,False
Y3Al5O12,858,Curie,225.0,False
Osmium,859,Curie,9.0,False
ErFeO3,860,Néel,611.0,False
Sm2MnTiO6,861,Néel,20.0,False
FeBO,862,Néel,348.0,False
CoGa2O4,863,Néel,10.0,False
Co2Te3O8,864,Néel,70.0,False
CaFe2O4,865,Néel,165.0,False
SeNiO3,866,Néel,104.0,False
Lu2V2O7,867,Curie,70.0,False
FeReO4,868,Néel,234.5,False
EuZrO3,869,Néel,4.5,False
LiFeGe2O6,870,Néel,20.0,False
Y2CoMnO6,871,Curie,66.75,False
Nd2NiMnO6,872,Curie,204.875,False
Ba2FeMoO6,873,Curie,353.07142857142856,False
Li1Mn8Fe12O28,874,Curie,275.0,False
GeFeO3,875,Curie,207.5,False
LuNiO3,876,Néel,130.0,False
MnTeMoO6,877,Néel,20.0,False
K3Li2Nb5O15,878,Curie,629.6,False
Co7Sb2O12,879,Curie,60.0,False
Sr2FeMoO6,880,Curie,416.9672131147541,False
NH4H2AsO4,881,Curie,161.0,False
Pb9Ce2Ti12O36and,882,Curie,550.0,False
